country,date
Germany,1874-01-01T05:00:00+0000
Cuba,1874-01-01T05:00:00+0000
Cuba,1874-01-01T05:00:00+0000
France,1874-01-02T05:00:00+0000
Cuba,1874-01-02T05:00:00+0000
Spain,1874-01-02T05:00:00+0000
Mexico,1874-01-03T05:00:00+0000
Russia,1874-01-03T05:00:00+0000
Cuba,1874-01-03T05:00:00+0000
Cuba,1874-01-03T05:00:00+0000
Cuba,1874-01-03T05:00:00+0000
Egypt,1874-01-04T05:00:00+0000
Spain,1874-01-04T05:00:00+0000
Spain,1874-01-04T05:00:00+0000
France,1874-01-04T05:00:00+0000
France,1874-01-05T05:00:00+0000
Spain,1874-01-05T05:00:00+0000
Spain,1874-01-05T05:00:00+0000
Austria,1874-01-05T05:00:00+0000
Spain,1874-01-05T05:00:00+0000
Cuba,1874-01-06T05:00:00+0000
Spain,1874-01-06T05:00:00+0000
Cuba,1874-01-06T05:00:00+0000
Cuba,1874-01-06T05:00:00+0000
Germany,1874-01-07T05:00:00+0000
Cuba,1874-01-07T05:00:00+0000
France,1874-01-07T05:00:00+0000
Cuba,1874-01-07T05:00:00+0000
Spain,1874-01-07T05:00:00+0000
Italy,1874-01-08T05:00:00+0000
Spain,1874-01-08T05:00:00+0000
Panama,1874-01-08T05:00:00+0000
France,1874-01-08T05:00:00+0000
France,1874-01-08T05:00:00+0000
Mexico,1874-01-09T05:00:00+0000
France,1874-01-09T05:00:00+0000
Japan,1874-01-09T05:00:00+0000
Peru,1874-01-10T05:00:00+0000
Cuba,1874-01-10T05:00:00+0000
France,1874-01-10T05:00:00+0000
Canada,1874-01-10T05:00:00+0000
Italy,1874-01-11T05:00:00+0000
Spain,1874-01-11T05:00:00+0000
France,1874-01-11T05:00:00+0000
Cuba,1874-01-11T05:00:00+0000
Cuba,1874-01-12T05:00:00+0000
Spain,1874-01-12T05:00:00+0000
Spain,1874-01-12T05:00:00+0000
Germany,1874-01-12T05:00:00+0000
Mexico,1874-01-12T05:00:00+0000
China,1874-01-12T05:00:00+0000
Spain,1874-01-13T05:00:00+0000
Australia,1874-01-13T05:00:00+0000
Italy,1874-01-13T05:00:00+0000
Spain,1874-01-13T05:00:00+0000
Cuba,1874-01-13T05:00:00+0000
France,1874-01-13T05:00:00+0000
Spain,1874-01-13T05:00:00+0000
Peru,1874-01-13T05:00:00+0000
Cuba,1874-01-14T05:00:00+0000
Spain,1874-01-14T05:00:00+0000
Cuba,1874-01-15T05:00:00+0000
France,1874-01-15T05:00:00+0000
France,1874-01-15T05:00:00+0000
Germany,1874-01-15T05:00:00+0000
Italy,1874-01-15T05:00:00+0000
China,1874-01-15T05:00:00+0000
Spain,1874-01-15T05:00:00+0000
Spain,1874-01-15T05:00:00+0000
Cuba,1874-01-15T05:00:00+0000
Mexico,1874-01-15T05:00:00+0000
India,1874-01-15T05:00:00+0000
France,1874-01-15T05:00:00+0000
Cuba,1874-01-16T05:00:00+0000
Spain,1874-01-16T05:00:00+0000
Japan,1874-01-16T05:00:00+0000
Japan,1874-01-16T05:00:00+0000
Cuba,1874-01-16T05:00:00+0000
Germany,1874-01-17T05:00:00+0000
Canada,1874-01-17T05:00:00+0000
Ireland,1874-01-17T05:00:00+0000
Honduras,1874-01-17T05:00:00+0000
France,1874-01-18T05:00:00+0000
France,1874-01-19T05:00:00+0000
Spain,1874-01-19T05:00:00+0000
Japan,1874-01-20T05:00:00+0000
Japan,1874-01-20T05:00:00+0000
France,1874-01-21T05:00:00+0000
France,1874-01-21T05:00:00+0000
Switzerland,1874-01-21T05:00:00+0000
Canada,1874-01-21T05:00:00+0000
France,1874-01-21T05:00:00+0000
Spain,1874-01-22T05:00:00+0000
France,1874-01-22T05:00:00+0000
Cuba,1874-01-22T05:00:00+0000
Cuba,1874-01-23T05:00:00+0000
Canada,1874-01-23T05:00:00+0000
France,1874-01-23T05:00:00+0000
Georgia,1874-01-23T05:00:00+0000
Cuba,1874-01-23T05:00:00+0000
Germany,1874-01-24T05:00:00+0000
France,1874-01-24T05:00:00+0000
Spain,1874-01-24T05:00:00+0000
Italy,1874-01-24T05:00:00+0000
Cuba,1874-01-24T05:00:00+0000
Germany,1874-01-24T05:00:00+0000
France,1874-01-24T05:00:00+0000
Spain,1874-01-24T05:00:00+0000
Canada,1874-01-24T05:00:00+0000
Italy,1874-01-24T05:00:00+0000
Cuba,1874-01-25T05:00:00+0000
Cuba,1874-01-25T05:00:00+0000
Cuba,1874-01-25T05:00:00+0000
Cuba,1874-01-25T05:00:00+0000
Brazil,1874-01-26T05:00:00+0000
Spain,1874-01-26T05:00:00+0000
Cuba,1874-01-26T05:00:00+0000
Turkey,1874-01-27T05:00:00+0000
France,1874-01-28T05:00:00+0000
France,1874-01-28T05:00:00+0000
Spain,1874-01-29T05:00:00+0000
Cuba,1874-01-29T05:00:00+0000
Canada,1874-01-30T05:00:00+0000
Canada,1874-01-31T05:00:00+0000
Canada,1874-01-31T05:00:00+0000
France,1874-02-01T05:00:00+0000
Cuba,1874-02-01T05:00:00+0000
Austria,1874-02-01T05:00:00+0000
Russia,1874-02-01T05:00:00+0000
Italy,1874-02-01T05:00:00+0000
Canada,1874-02-01T05:00:00+0000
Germany,1874-02-01T05:00:00+0000
Italy,1874-02-01T05:00:00+0000
Italy,1874-02-01T05:00:00+0000
France,1874-02-02T05:00:00+0000
Ireland,1874-02-02T05:00:00+0000
China,1874-02-02T05:00:00+0000
Germany,1874-02-02T05:00:00+0000
Germany,1874-02-03T05:00:00+0000
France,1874-02-03T05:00:00+0000
Germany,1874-02-03T05:00:00+0000
Turkey,1874-02-03T05:00:00+0000
Germany,1874-02-04T05:00:00+0000
France,1874-02-04T05:00:00+0000
Germany,1874-02-04T05:00:00+0000
Cuba,1874-02-04T05:00:00+0000
Spain,1874-02-05T05:00:00+0000
Spain,1874-02-05T05:00:00+0000
Japan,1874-02-05T05:00:00+0000
France,1874-02-05T05:00:00+0000
Italy,1874-02-05T05:00:00+0000
Russia,1874-02-05T05:00:00+0000
France,1874-02-05T05:00:00+0000
France,1874-02-05T05:00:00+0000
France,1874-02-05T05:00:00+0000
France,1874-02-05T05:00:00+0000
Russia,1874-02-06T05:00:00+0000
France,1874-02-06T05:00:00+0000
Canada,1874-02-06T05:00:00+0000
France,1874-02-06T05:00:00+0000
Spain,1874-02-06T05:00:00+0000
Italy,1874-02-06T05:00:00+0000
Austria,1874-02-06T05:00:00+0000
Cuba,1874-02-06T05:00:00+0000
Austria,1874-02-06T05:00:00+0000
Italy,1874-02-08T05:00:00+0000
Cuba,1874-02-08T05:00:00+0000
Ireland,1874-02-08T05:00:00+0000
Germany,1874-02-08T05:00:00+0000
Cuba,1874-02-08T05:00:00+0000
Germany,1874-02-08T05:00:00+0000
Russia,1874-02-09T05:00:00+0000
Italy,1874-02-09T05:00:00+0000
France,1874-02-10T05:00:00+0000
Japan,1874-02-10T05:00:00+0000
Russia,1874-02-10T05:00:00+0000
Cuba,1874-02-10T05:00:00+0000
Japan,1874-02-10T05:00:00+0000
France,1874-02-10T05:00:00+0000
Spain,1874-02-11T05:00:00+0000
Germany,1874-02-11T05:00:00+0000
France,1874-02-12T05:00:00+0000
France,1874-02-12T05:00:00+0000
Cuba,1874-02-13T05:00:00+0000
India,1874-02-13T05:00:00+0000
Switzerland,1874-02-13T05:00:00+0000
Austria,1874-02-13T05:00:00+0000
France,1874-02-13T05:00:00+0000
Ireland,1874-02-13T05:00:00+0000
Turkey,1874-02-13T05:00:00+0000
Cuba,1874-02-14T05:00:00+0000
Japan,1874-02-14T05:00:00+0000
France,1874-02-14T05:00:00+0000
Austria,1874-02-14T05:00:00+0000
Ireland,1874-02-14T05:00:00+0000
France,1874-02-14T05:00:00+0000
Cuba,1874-02-15T05:00:00+0000
Cuba,1874-02-15T05:00:00+0000
China,1874-02-15T05:00:00+0000
France,1874-02-15T05:00:00+0000
Italy,1874-02-15T05:00:00+0000
France,1874-02-15T05:00:00+0000
Germany,1874-02-17T05:00:00+0000
Russia,1874-02-17T05:00:00+0000
Russia,1874-02-17T05:00:00+0000
Cuba,1874-02-17T05:00:00+0000
Cuba,1874-02-18T05:00:00+0000
Egypt,1874-02-19T05:00:00+0000
Cuba,1874-02-20T05:00:00+0000
Cuba,1874-02-20T05:00:00+0000
Canada,1874-02-20T05:00:00+0000
Spain,1874-02-20T05:00:00+0000
Peru,1874-02-21T05:00:00+0000
Japan,1874-02-21T05:00:00+0000
France,1874-02-21T05:00:00+0000
France,1874-02-21T05:00:00+0000
France,1874-02-21T05:00:00+0000
Italy,1874-02-21T05:00:00+0000
Italy,1874-02-21T05:00:00+0000
Russia,1874-02-21T05:00:00+0000
Turkey,1874-02-21T05:00:00+0000
Cuba,1874-02-21T05:00:00+0000
Germany,1874-02-21T05:00:00+0000
France,1874-02-21T05:00:00+0000
Turkey,1874-02-21T05:00:00+0000
Germany,1874-02-22T05:00:00+0000
France,1874-02-22T05:00:00+0000
France,1874-02-23T05:00:00+0000
France,1874-02-23T05:00:00+0000
Austria,1874-02-23T05:00:00+0000
France,1874-02-23T05:00:00+0000
Spain,1874-02-23T05:00:00+0000
Germany,1874-02-23T05:00:00+0000
Japan,1874-02-23T05:00:00+0000
Canada,1874-02-24T05:00:00+0000
Germany,1874-02-24T05:00:00+0000
Germany,1874-02-24T05:00:00+0000
France,1874-02-25T05:00:00+0000
Mexico,1874-02-25T05:00:00+0000
Germany,1874-02-25T05:00:00+0000
Georgia,1874-02-25T05:00:00+0000
India,1874-02-25T05:00:00+0000
Russia,1874-02-25T05:00:00+0000
Spain,1874-02-25T05:00:00+0000
Mexico,1874-02-25T05:00:00+0000
India,1874-02-25T05:00:00+0000
Japan,1874-02-25T05:00:00+0000
Japan,1874-02-25T05:00:00+0000
Canada,1874-02-26T05:00:00+0000
France,1874-02-26T05:00:00+0000
Cuba,1874-02-26T05:00:00+0000
Cuba,1874-02-26T05:00:00+0000
Canada,1874-02-26T05:00:00+0000
Canada,1874-02-27T05:00:00+0000
Japan,1874-02-28T05:00:00+0000
Spain,1874-02-28T05:00:00+0000
Georgia,1874-02-28T05:00:00+0000
Germany,1874-02-28T05:00:00+0000
Barbados,1874-03-01T05:00:00+0000
Cuba,1874-03-01T05:00:00+0000
Peru,1874-03-01T05:00:00+0000
Honduras,1874-03-01T05:00:00+0000
Spain,1874-03-01T05:00:00+0000
Spain,1874-03-01T05:00:00+0000
Panama,1874-03-01T05:00:00+0000
China,1874-03-01T05:00:00+0000
France,1874-03-02T05:00:00+0000
Germany,1874-03-02T05:00:00+0000
France,1874-03-02T05:00:00+0000
France,1874-03-02T05:00:00+0000
Italy,1874-03-02T05:00:00+0000
Italy,1874-03-02T05:00:00+0000
Italy,1874-03-02T05:00:00+0000
Spain,1874-03-02T05:00:00+0000
Canada,1874-03-03T05:00:00+0000
Cuba,1874-03-03T05:00:00+0000
France,1874-03-03T05:00:00+0000
Spain,1874-03-03T05:00:00+0000
Spain,1874-03-03T05:00:00+0000
Canada,1874-03-04T05:00:00+0000
Japan,1874-03-04T05:00:00+0000
Ireland,1874-03-04T05:00:00+0000
Ireland,1874-03-04T05:00:00+0000
Germany,1874-03-04T05:00:00+0000
India,1874-03-04T05:00:00+0000
France,1874-03-04T05:00:00+0000
Cuba,1874-03-05T05:00:00+0000
Canada,1874-03-05T05:00:00+0000
Spain,1874-03-05T05:00:00+0000
Cuba,1874-03-06T05:00:00+0000
Spain,1874-03-06T05:00:00+0000
Poland,1874-03-06T05:00:00+0000
Canada,1874-03-07T05:00:00+0000
Cuba,1874-03-07T05:00:00+0000
Russia,1874-03-07T05:00:00+0000
France,1874-03-07T05:00:00+0000
France,1874-03-07T05:00:00+0000
Canada,1874-03-07T05:00:00+0000
Germany,1874-03-07T05:00:00+0000
Turkey,1874-03-07T05:00:00+0000
France,1874-03-07T05:00:00+0000
Canada,1874-03-07T05:00:00+0000
Turkey,1874-03-07T05:00:00+0000
Cuba,1874-03-08T05:00:00+0000
Spain,1874-03-08T05:00:00+0000
Cuba,1874-03-08T05:00:00+0000
Italy,1874-03-08T05:00:00+0000
Cuba,1874-03-09T05:00:00+0000
Germany,1874-03-09T05:00:00+0000
Mexico,1874-03-10T05:00:00+0000
Hungary,1874-03-10T05:00:00+0000
Hungary,1874-03-10T05:00:00+0000
Germany,1874-03-10T05:00:00+0000
Germany,1874-03-10T05:00:00+0000
Greece,1874-03-11T05:00:00+0000
Cuba,1874-03-12T05:00:00+0000
Cuba,1874-03-12T05:00:00+0000
Spain,1874-03-12T05:00:00+0000
Austria,1874-03-13T05:00:00+0000
Turkey,1874-03-13T05:00:00+0000
Japan,1874-03-13T05:00:00+0000
Ireland,1874-03-14T05:00:00+0000
France,1874-03-14T05:00:00+0000
France,1874-03-14T05:00:00+0000
France,1874-03-14T05:00:00+0000
Panama,1874-03-16T05:00:00+0000
Brazil,1874-03-16T05:00:00+0000
Peru,1874-03-16T05:00:00+0000
France,1874-03-16T05:00:00+0000
Mexico,1874-03-17T05:00:00+0000
Spain,1874-03-17T05:00:00+0000
Italy,1874-03-17T05:00:00+0000
Italy,1874-03-17T05:00:00+0000
Austria,1874-03-18T05:00:00+0000
Germany,1874-03-18T05:00:00+0000
Cuba,1874-03-19T05:00:00+0000
France,1874-03-19T05:00:00+0000
Cuba,1874-03-19T05:00:00+0000
Mexico,1874-03-19T05:00:00+0000
Peru,1874-03-20T05:00:00+0000
France,1874-03-20T05:00:00+0000
Japan,1874-03-20T05:00:00+0000
Japan,1874-03-20T05:00:00+0000
Cuba,1874-03-21T05:00:00+0000
Hungary,1874-03-21T05:00:00+0000
Spain,1874-03-21T05:00:00+0000
France,1874-03-21T05:00:00+0000
Germany,1874-03-21T05:00:00+0000
Cuba,1874-03-21T05:00:00+0000
Cuba,1874-03-22T05:00:00+0000
Germany,1874-03-22T05:00:00+0000
Italy,1874-03-22T05:00:00+0000
Italy,1874-03-22T05:00:00+0000
Italy,1874-03-22T05:00:00+0000
Italy,1874-03-22T05:00:00+0000
France,1874-03-23T05:00:00+0000
Spain,1874-03-23T05:00:00+0000
Austria,1874-03-23T05:00:00+0000
Ireland,1874-03-23T05:00:00+0000
Spain,1874-03-23T05:00:00+0000
Spain,1874-03-23T05:00:00+0000
Germany,1874-03-23T05:00:00+0000
France,1874-03-24T05:00:00+0000
Canada,1874-03-24T05:00:00+0000
Italy,1874-03-24T05:00:00+0000
Cuba,1874-03-25T05:00:00+0000
Georgia,1874-03-25T05:00:00+0000
Spain,1874-03-26T05:00:00+0000
Cuba,1874-03-27T05:00:00+0000
Spain,1874-03-27T05:00:00+0000
Japan,1874-03-28T05:00:00+0000
Italy,1874-03-28T05:00:00+0000
Cuba,1874-03-28T05:00:00+0000
France,1874-03-28T05:00:00+0000
Italy,1874-03-28T05:00:00+0000
France,1874-03-28T05:00:00+0000
France,1874-03-28T05:00:00+0000
Hungary,1874-03-28T05:00:00+0000
Canada,1874-03-28T05:00:00+0000
Canada,1874-03-29T05:00:00+0000
Russia,1874-03-29T05:00:00+0000
Austria,1874-03-29T05:00:00+0000
France,1874-03-30T05:00:00+0000
Italy,1874-03-30T05:00:00+0000
France,1874-03-30T05:00:00+0000
Cuba,1874-04-01T05:00:00+0000
Cuba,1874-04-01T05:00:00+0000
France,1874-04-01T05:00:00+0000
France,1874-04-01T05:00:00+0000
France,1874-04-01T05:00:00+0000
Italy,1874-04-02T05:00:00+0000
Panama,1874-04-02T05:00:00+0000
Austria,1874-04-03T05:00:00+0000
India,1874-04-03T05:00:00+0000
Spain,1874-04-04T05:00:00+0000
Mexico,1874-04-04T05:00:00+0000
China,1874-04-04T05:00:00+0000
Cuba,1874-04-04T05:00:00+0000
France,1874-04-04T05:00:00+0000
Canada,1874-04-05T05:00:00+0000
France,1874-04-05T05:00:00+0000
Cuba,1874-04-07T05:00:00+0000
Mexico,1874-04-07T05:00:00+0000
France,1874-04-07T05:00:00+0000
Mexico,1874-04-08T05:00:00+0000
Cuba,1874-04-08T05:00:00+0000
Italy,1874-04-09T05:00:00+0000
France,1874-04-09T05:00:00+0000
Cuba,1874-04-09T05:00:00+0000
Cuba,1874-04-09T05:00:00+0000
Brazil,1874-04-09T05:00:00+0000
Spain,1874-04-09T05:00:00+0000
Austria,1874-04-09T05:00:00+0000
France,1874-04-10T05:00:00+0000
Canada,1874-04-10T05:00:00+0000
Canada,1874-04-10T05:00:00+0000
Canada,1874-04-10T05:00:00+0000
India,1874-04-11T05:00:00+0000
Austria,1874-04-11T05:00:00+0000
Germany,1874-04-11T05:00:00+0000
France,1874-04-11T05:00:00+0000
Russia,1874-04-12T05:00:00+0000
Cuba,1874-04-12T05:00:00+0000
Italy,1874-04-13T05:00:00+0000
Spain,1874-04-13T05:00:00+0000
Iceland,1874-04-13T05:00:00+0000
Spain,1874-04-14T05:00:00+0000
Austria,1874-04-14T05:00:00+0000
Switzerland,1874-04-14T05:00:00+0000
Austria,1874-04-14T05:00:00+0000
Brazil,1874-04-14T05:00:00+0000
Australia,1874-04-15T05:00:00+0000
Germany,1874-04-15T05:00:00+0000
Cuba,1874-04-16T05:00:00+0000
Russia,1874-04-16T05:00:00+0000
Canada,1874-04-16T05:00:00+0000
Cuba,1874-04-16T05:00:00+0000
Italy,1874-04-17T05:00:00+0000
Poland,1874-04-18T05:00:00+0000
Italy,1874-04-18T05:00:00+0000
Austria,1874-04-18T05:00:00+0000
France,1874-04-18T05:00:00+0000
Cuba,1874-04-18T05:00:00+0000
Italy,1874-04-18T05:00:00+0000
Belgium,1874-04-19T05:00:00+0000
France,1874-04-19T05:00:00+0000
Japan,1874-04-19T05:00:00+0000
France,1874-04-19T05:00:00+0000
China,1874-04-19T05:00:00+0000
France,1874-04-19T05:00:00+0000
Cuba,1874-04-19T05:00:00+0000
China,1874-04-19T05:00:00+0000
France,1874-04-20T05:00:00+0000
Brazil,1874-04-20T05:00:00+0000
Switzerland,1874-04-20T05:00:00+0000
France,1874-04-20T05:00:00+0000
Spain,1874-04-20T05:00:00+0000
France,1874-04-20T05:00:00+0000
France,1874-04-20T05:00:00+0000
Belgium,1874-04-21T05:00:00+0000
Austria,1874-04-21T05:00:00+0000
Cuba,1874-04-21T05:00:00+0000
Spain,1874-04-21T05:00:00+0000
Russia,1874-04-21T05:00:00+0000
Italy,1874-04-22T05:00:00+0000
Venezuela,1874-04-22T05:00:00+0000
France,1874-04-22T05:00:00+0000
Italy,1874-04-22T05:00:00+0000
Cuba,1874-04-23T05:00:00+0000
Spain,1874-04-23T05:00:00+0000
Cuba,1874-04-23T05:00:00+0000
Canada,1874-04-24T05:00:00+0000
Portugal,1874-04-24T05:00:00+0000
Spain,1874-04-24T05:00:00+0000
Belgium,1874-04-25T05:00:00+0000
Germany,1874-04-25T05:00:00+0000
Germany,1874-04-25T05:00:00+0000
France,1874-04-25T05:00:00+0000
Spain,1874-04-25T05:00:00+0000
France,1874-04-26T05:00:00+0000
France,1874-04-26T05:00:00+0000
Austria,1874-04-26T05:00:00+0000
Italy,1874-04-26T05:00:00+0000
Russia,1874-04-26T05:00:00+0000
Austria,1874-04-26T05:00:00+0000
France,1874-04-27T05:00:00+0000
Mexico,1874-04-27T05:00:00+0000
Egypt,1874-04-27T05:00:00+0000
Germany,1874-04-27T05:00:00+0000
Spain,1874-04-28T05:00:00+0000
Japan,1874-04-28T05:00:00+0000
Peru,1874-04-28T05:00:00+0000
Germany,1874-04-29T05:00:00+0000
France,1874-04-29T05:00:00+0000
France,1874-04-29T05:00:00+0000
Cuba,1874-04-30T05:00:00+0000
Mexico,1874-04-30T05:00:00+0000
Russia,1874-04-30T05:00:00+0000
Japan,1874-04-30T05:00:00+0000
Cuba,1874-04-30T05:00:00+0000
Spain,1874-05-01T05:00:00+0000
Canada,1874-05-02T05:00:00+0000
Spain,1874-05-02T05:00:00+0000
France,1874-05-02T05:00:00+0000
Germany,1874-05-02T05:00:00+0000
Russia,1874-05-03T05:00:00+0000
Austria,1874-05-03T05:00:00+0000
Germany,1874-05-03T05:00:00+0000
Spain,1874-05-03T05:00:00+0000
America,1874-05-03T05:00:00+0000
Austria,1874-05-04T05:00:00+0000
Spain,1874-05-04T05:00:00+0000
Portugal,1874-05-05T05:00:00+0000
China,1874-05-05T05:00:00+0000
Russia,1874-05-05T05:00:00+0000
Russia,1874-05-05T05:00:00+0000
Belgium,1874-05-06T05:00:00+0000
Canada,1874-05-06T05:00:00+0000
Peru,1874-05-06T05:00:00+0000
Italy,1874-05-06T05:00:00+0000
Cuba,1874-05-07T05:00:00+0000
Cuba,1874-05-07T05:00:00+0000
Spain,1874-05-08T05:00:00+0000
Switzerland,1874-05-08T05:00:00+0000
Austria,1874-05-08T05:00:00+0000
Germany,1874-05-08T05:00:00+0000
Canada,1874-05-09T05:00:00+0000
Spain,1874-05-09T05:00:00+0000
Canada,1874-05-09T05:00:00+0000
Belgium,1874-05-10T05:00:00+0000
Russia,1874-05-10T05:00:00+0000
Italy,1874-05-10T05:00:00+0000
Italy,1874-05-10T05:00:00+0000
Austria,1874-05-10T05:00:00+0000
Canada,1874-05-10T05:00:00+0000
Cuba,1874-05-10T05:00:00+0000
China,1874-05-11T05:00:00+0000
Mexico,1874-05-11T05:00:00+0000
France,1874-05-11T05:00:00+0000
France,1874-05-12T05:00:00+0000
Italy,1874-05-12T05:00:00+0000
Canada,1874-05-12T05:00:00+0000
Spain,1874-05-12T05:00:00+0000
Canada,1874-05-13T05:00:00+0000
Canada,1874-05-13T05:00:00+0000
Russia,1874-05-13T05:00:00+0000
Guatemala,1874-05-13T05:00:00+0000
France,1874-05-13T05:00:00+0000
Spain,1874-05-13T05:00:00+0000
Spain,1874-05-13T05:00:00+0000
Cuba,1874-05-14T05:00:00+0000
Canada,1874-05-14T05:00:00+0000
Canada,1874-05-14T05:00:00+0000
Russia,1874-05-15T05:00:00+0000
Canada,1874-05-15T05:00:00+0000
Canada,1874-05-16T05:00:00+0000
Guatemala,1874-05-16T05:00:00+0000
France,1874-05-16T05:00:00+0000
Russia,1874-05-16T05:00:00+0000
Russia,1874-05-16T05:00:00+0000
France,1874-05-16T05:00:00+0000
France,1874-05-17T05:00:00+0000
Iceland,1874-05-17T05:00:00+0000
France,1874-05-17T05:00:00+0000
France,1874-05-17T05:00:00+0000
Russia,1874-05-17T05:00:00+0000
Russia,1874-05-18T05:00:00+0000
France,1874-05-19T05:00:00+0000
France,1874-05-19T05:00:00+0000
Switzerland,1874-05-21T05:00:00+0000
France,1874-05-21T05:00:00+0000
Japan,1874-05-21T05:00:00+0000
France,1874-05-21T05:00:00+0000
Turkey,1874-05-21T05:00:00+0000
Austria,1874-05-21T05:00:00+0000
Russia,1874-05-22T05:00:00+0000
Italy,1874-05-22T05:00:00+0000
Italy,1874-05-22T05:00:00+0000
Ireland,1874-05-22T05:00:00+0000
Switzerland,1874-05-22T05:00:00+0000
France,1874-05-22T05:00:00+0000
Cuba,1874-05-23T05:00:00+0000
Switzerland,1874-05-23T05:00:00+0000
France,1874-05-23T05:00:00+0000
Ireland,1874-05-23T05:00:00+0000
Brazil,1874-05-24T05:00:00+0000
France,1874-05-24T05:00:00+0000
Italy,1874-05-24T05:00:00+0000
Italy,1874-05-24T05:00:00+0000
Canada,1874-05-24T05:00:00+0000
Canada,1874-05-24T05:00:00+0000
Guatemala,1874-05-25T05:00:00+0000
Italy,1874-05-25T05:00:00+0000
Russia,1874-05-25T05:00:00+0000
Cuba,1874-05-26T05:00:00+0000
Italy,1874-05-26T05:00:00+0000
Spain,1874-05-27T05:00:00+0000
Italy,1874-05-27T05:00:00+0000
Cuba,1874-05-27T05:00:00+0000
Canada,1874-05-27T05:00:00+0000
Russia,1874-05-28T05:00:00+0000
Cuba,1874-05-28T05:00:00+0000
France,1874-05-28T05:00:00+0000
Russia,1874-05-28T05:00:00+0000
Spain,1874-05-28T05:00:00+0000
Spain,1874-05-28T05:00:00+0000
Paraguay,1874-05-28T05:00:00+0000
Austria,1874-05-29T05:00:00+0000
Japan,1874-05-29T05:00:00+0000
Spain,1874-05-29T05:00:00+0000
Spain,1874-05-29T05:00:00+0000
Cuba,1874-05-29T05:00:00+0000
Austria,1874-05-29T05:00:00+0000
Japan,1874-05-30T05:00:00+0000
Germany,1874-05-30T05:00:00+0000
France,1874-05-30T05:00:00+0000
Cuba,1874-05-30T05:00:00+0000
Cuba,1874-05-30T05:00:00+0000
Cuba,1874-05-30T05:00:00+0000
Cuba,1874-05-30T05:00:00+0000
France,1874-05-31T05:00:00+0000
Luxembourg,1874-05-31T05:00:00+0000
Italy,1874-05-31T05:00:00+0000
Italy,1874-05-31T05:00:00+0000
Ireland,1874-06-01T05:00:00+0000
Spain,1874-06-01T05:00:00+0000
Russia,1874-06-01T05:00:00+0000
Spain,1874-06-02T05:00:00+0000
Morocco,1874-06-02T05:00:00+0000
India,1874-06-02T05:00:00+0000
Germany,1874-06-03T05:00:00+0000
Egypt,1874-06-03T05:00:00+0000
Spain,1874-06-03T05:00:00+0000
Italy,1874-06-03T05:00:00+0000
India,1874-06-04T05:00:00+0000
Switzerland,1874-06-04T05:00:00+0000
Japan,1874-06-04T05:00:00+0000
Russia,1874-06-04T05:00:00+0000
France,1874-06-04T05:00:00+0000
Spain,1874-06-04T05:00:00+0000
Mexico,1874-06-05T05:00:00+0000
Italy,1874-06-05T05:00:00+0000
Morocco,1874-06-05T05:00:00+0000
Spain,1874-06-06T05:00:00+0000
Canada,1874-06-06T05:00:00+0000
France,1874-06-07T05:00:00+0000
Russia,1874-06-07T05:00:00+0000
Cuba,1874-06-07T05:00:00+0000
France,1874-06-07T05:00:00+0000
Germany,1874-06-07T05:00:00+0000
Spain,1874-06-07T05:00:00+0000
Switzerland,1874-06-07T05:00:00+0000
France,1874-06-07T05:00:00+0000
Mexico,1874-06-07T05:00:00+0000
Spain,1874-06-08T05:00:00+0000
Italy,1874-06-08T05:00:00+0000
Ireland,1874-06-08T05:00:00+0000
India,1874-06-09T05:00:00+0000
Morocco,1874-06-09T05:00:00+0000
Mexico,1874-06-09T05:00:00+0000
France,1874-06-10T05:00:00+0000
Morocco,1874-06-10T05:00:00+0000
Cuba,1874-06-11T05:00:00+0000
Canada,1874-06-11T05:00:00+0000
Turkey,1874-06-11T05:00:00+0000
France,1874-06-11T05:00:00+0000
France,1874-06-12T05:00:00+0000
Spain,1874-06-12T05:00:00+0000
Spain,1874-06-12T05:00:00+0000
Cuba,1874-06-12T05:00:00+0000
Canada,1874-06-13T05:00:00+0000
France,1874-06-13T05:00:00+0000
Germany,1874-06-13T05:00:00+0000
France,1874-06-13T05:00:00+0000
France,1874-06-13T05:00:00+0000
Peru,1874-06-14T05:00:00+0000
Peru,1874-06-14T05:00:00+0000
Italy,1874-06-14T05:00:00+0000
France,1874-06-14T05:00:00+0000
Russia,1874-06-14T05:00:00+0000
Brazil,1874-06-14T05:00:00+0000
France,1874-06-14T05:00:00+0000
Canada,1874-06-14T05:00:00+0000
France,1874-06-14T05:00:00+0000
France,1874-06-15T05:00:00+0000
Italy,1874-06-15T05:00:00+0000
Greenland,1874-06-15T05:00:00+0000
France,1874-06-15T05:00:00+0000
Egypt,1874-06-15T05:00:00+0000
France,1874-06-16T05:00:00+0000
Italy,1874-06-16T05:00:00+0000
Italy,1874-06-16T05:00:00+0000
Italy,1874-06-16T05:00:00+0000
Japan,1874-06-16T05:00:00+0000
China,1874-06-16T05:00:00+0000
Spain,1874-06-16T05:00:00+0000
Germany,1874-06-16T05:00:00+0000
France,1874-06-16T05:00:00+0000
France,1874-06-16T05:00:00+0000
France,1874-06-17T05:00:00+0000
Cuba,1874-06-17T05:00:00+0000
France,1874-06-17T05:00:00+0000
Canada,1874-06-18T05:00:00+0000
Canada,1874-06-18T05:00:00+0000
India,1874-06-18T05:00:00+0000
Spain,1874-06-19T05:00:00+0000
France,1874-06-20T05:00:00+0000
Spain,1874-06-20T05:00:00+0000
Germany,1874-06-20T05:00:00+0000
Cuba,1874-06-20T05:00:00+0000
Canada,1874-06-20T05:00:00+0000
Philippines,1874-06-21T05:00:00+0000
Germany,1874-06-21T05:00:00+0000
Brazil,1874-06-21T05:00:00+0000
France,1874-06-21T05:00:00+0000
France,1874-06-21T05:00:00+0000
Brazil,1874-06-21T05:00:00+0000
Austria,1874-06-21T05:00:00+0000
Ireland,1874-06-21T05:00:00+0000
Canada,1874-06-21T05:00:00+0000
Canada,1874-06-22T05:00:00+0000
Cuba,1874-06-22T05:00:00+0000
France,1874-06-22T05:00:00+0000
Canada,1874-06-23T05:00:00+0000
Germany,1874-06-23T05:00:00+0000
Turkey,1874-06-23T05:00:00+0000
Italy,1874-06-24T05:00:00+0000
Spain,1874-06-24T05:00:00+0000
Spain,1874-06-24T05:00:00+0000
Canada,1874-06-25T05:00:00+0000
Spain,1874-06-25T05:00:00+0000
Turkey,1874-06-25T05:00:00+0000
France,1874-06-25T05:00:00+0000
Italy,1874-06-26T05:00:00+0000
France,1874-06-26T05:00:00+0000
France,1874-06-26T05:00:00+0000
France,1874-06-27T05:00:00+0000
Brazil,1874-06-27T05:00:00+0000
Cuba,1874-06-27T05:00:00+0000
Germany,1874-06-27T05:00:00+0000
Canada,1874-06-27T05:00:00+0000
Cuba,1874-06-27T05:00:00+0000
Germany,1874-06-28T05:00:00+0000
France,1874-06-28T05:00:00+0000
Italy,1874-06-28T05:00:00+0000
Spain,1874-06-28T05:00:00+0000
Spain,1874-06-28T05:00:00+0000
France,1874-06-28T05:00:00+0000
Canada,1874-06-28T05:00:00+0000
Costa Rica,1874-06-28T05:00:00+0000
Russia,1874-06-28T05:00:00+0000
Canada,1874-06-29T05:00:00+0000
Spain,1874-06-29T05:00:00+0000
Spain,1874-06-29T05:00:00+0000
France,1874-06-29T05:00:00+0000
Canada,1874-06-29T05:00:00+0000
Italy,1874-06-30T05:00:00+0000
Spain,1874-06-30T05:00:00+0000
Russia,1874-06-30T05:00:00+0000
Germany,1874-06-30T05:00:00+0000
Canada,1874-06-30T05:00:00+0000
Russia,1874-06-30T05:00:00+0000
Cuba,1874-06-30T05:00:00+0000
Germany,1874-06-30T05:00:00+0000
Ireland,1874-07-01T05:00:00+0000
Cuba,1874-07-01T05:00:00+0000
Turkey,1874-07-01T05:00:00+0000
Germany,1874-07-01T05:00:00+0000
Cuba,1874-07-01T05:00:00+0000
Cuba,1874-07-01T05:00:00+0000
Spain,1874-07-02T05:00:00+0000
France,1874-07-02T05:00:00+0000
Costa Rica,1874-07-02T05:00:00+0000
Canada,1874-07-02T05:00:00+0000
Canada,1874-07-02T05:00:00+0000
Georgia,1874-07-02T05:00:00+0000
Canada,1874-07-03T05:00:00+0000
Canada,1874-07-03T05:00:00+0000
Ireland,1874-07-04T05:00:00+0000
Ecuador,1874-07-04T05:00:00+0000
Guatemala,1874-07-04T05:00:00+0000
Peru,1874-07-04T05:00:00+0000
Spain,1874-07-04T05:00:00+0000
Morocco,1874-07-04T05:00:00+0000
Germany,1874-07-04T05:00:00+0000
Italy,1874-07-05T05:00:00+0000
Turkey,1874-07-05T05:00:00+0000
France,1874-07-05T05:00:00+0000
Spain,1874-07-05T05:00:00+0000
France,1874-07-05T05:00:00+0000
Spain,1874-07-05T05:00:00+0000
France,1874-07-06T05:00:00+0000
Germany,1874-07-06T05:00:00+0000
Canada,1874-07-06T05:00:00+0000
Spain,1874-07-06T05:00:00+0000
Morocco,1874-07-06T05:00:00+0000
Germany,1874-07-07T05:00:00+0000
Spain,1874-07-07T05:00:00+0000
Japan,1874-07-07T05:00:00+0000
Spain,1874-07-07T05:00:00+0000
Canada,1874-07-08T05:00:00+0000
France,1874-07-08T05:00:00+0000
Canada,1874-07-08T05:00:00+0000
France,1874-07-08T05:00:00+0000
Cuba,1874-07-08T05:00:00+0000
Mexico,1874-07-08T05:00:00+0000
Cuba,1874-07-08T05:00:00+0000
Russia,1874-07-09T05:00:00+0000
France,1874-07-09T05:00:00+0000
Turkey,1874-07-09T05:00:00+0000
France,1874-07-09T05:00:00+0000
Spain,1874-07-09T05:00:00+0000
France,1874-07-09T05:00:00+0000
France,1874-07-09T05:00:00+0000
Italy,1874-07-10T05:00:00+0000
Cuba,1874-07-10T05:00:00+0000
France,1874-07-10T05:00:00+0000
Cuba,1874-07-10T05:00:00+0000
France,1874-07-10T05:00:00+0000
France,1874-07-10T05:00:00+0000
Germany,1874-07-11T05:00:00+0000
France,1874-07-11T05:00:00+0000
Spain,1874-07-11T05:00:00+0000
France,1874-07-11T05:00:00+0000
France,1874-07-11T05:00:00+0000
Spain,1874-07-11T05:00:00+0000
France,1874-07-11T05:00:00+0000
Canada,1874-07-11T05:00:00+0000
France,1874-07-12T05:00:00+0000
Canada,1874-07-12T05:00:00+0000
Russia,1874-07-13T05:00:00+0000
Canada,1874-07-13T05:00:00+0000
France,1874-07-13T05:00:00+0000
Germany,1874-07-13T05:00:00+0000
Canada,1874-07-13T05:00:00+0000
Italy,1874-07-13T05:00:00+0000
Italy,1874-07-13T05:00:00+0000
Cuba,1874-07-13T05:00:00+0000
Canada,1874-07-13T05:00:00+0000
Switzerland,1874-07-13T05:00:00+0000
Germany,1874-07-14T05:00:00+0000
Germany,1874-07-14T05:00:00+0000
Japan,1874-07-14T05:00:00+0000
France,1874-07-15T05:00:00+0000
Germany,1874-07-15T05:00:00+0000
Austria,1874-07-15T05:00:00+0000
France,1874-07-16T05:00:00+0000
Spain,1874-07-16T05:00:00+0000
Cuba,1874-07-16T05:00:00+0000
Spain,1874-07-16T05:00:00+0000
Spain,1874-07-17T05:00:00+0000
Cuba,1874-07-17T05:00:00+0000
Turkey,1874-07-17T05:00:00+0000
Spain,1874-07-18T05:00:00+0000
Fiji,1874-07-18T05:00:00+0000
Spain,1874-07-18T05:00:00+0000
Switzerland,1874-07-18T05:00:00+0000
Fiji,1874-07-18T05:00:00+0000
Canada,1874-07-19T05:00:00+0000
France,1874-07-19T05:00:00+0000
Italy,1874-07-20T05:00:00+0000
Mexico,1874-07-20T05:00:00+0000
Mexico,1874-07-20T05:00:00+0000
France,1874-07-20T05:00:00+0000
Italy,1874-07-20T05:00:00+0000
Spain,1874-07-20T05:00:00+0000
Spain,1874-07-20T05:00:00+0000
Germany,1874-07-20T05:00:00+0000
Cuba,1874-07-20T05:00:00+0000
Mexico,1874-07-21T05:00:00+0000
Cuba,1874-07-21T05:00:00+0000
Russia,1874-07-21T05:00:00+0000
Spain,1874-07-21T05:00:00+0000
Spain,1874-07-22T05:00:00+0000
Spain,1874-07-22T05:00:00+0000
Spain,1874-07-22T05:00:00+0000
Portugal,1874-07-22T05:00:00+0000
Cuba,1874-07-22T05:00:00+0000
Cuba,1874-07-22T05:00:00+0000
Austria,1874-07-22T05:00:00+0000
Mexico,1874-07-22T05:00:00+0000
Mexico,1874-07-22T05:00:00+0000
Spain,1874-07-23T05:00:00+0000
India,1874-07-23T05:00:00+0000
France,1874-07-23T05:00:00+0000
Turkey,1874-07-23T05:00:00+0000
Italy,1874-07-23T05:00:00+0000
Spain,1874-07-24T05:00:00+0000
Turkey,1874-07-24T05:00:00+0000
Venezuela,1874-07-24T05:00:00+0000
Canada,1874-07-24T05:00:00+0000
France,1874-07-24T05:00:00+0000
France,1874-07-24T05:00:00+0000
France,1874-07-25T05:00:00+0000
Canada,1874-07-25T05:00:00+0000
Cuba,1874-07-25T05:00:00+0000
Russia,1874-07-25T05:00:00+0000
Germany,1874-07-26T05:00:00+0000
Spain,1874-07-26T05:00:00+0000
France,1874-07-26T05:00:00+0000
France,1874-07-26T05:00:00+0000
Spain,1874-07-26T05:00:00+0000
Spain,1874-07-27T05:00:00+0000
Cuba,1874-07-27T05:00:00+0000
Spain,1874-07-27T05:00:00+0000
France,1874-07-27T05:00:00+0000
Sweden,1874-07-27T05:00:00+0000
Germany,1874-07-28T05:00:00+0000
Canada,1874-07-28T05:00:00+0000
Italy,1874-07-28T05:00:00+0000
Cuba,1874-07-28T05:00:00+0000
Cuba,1874-07-28T05:00:00+0000
France,1874-07-28T05:00:00+0000
Spain,1874-07-29T05:00:00+0000
China,1874-07-29T05:00:00+0000
Canada,1874-07-29T05:00:00+0000
Spain,1874-07-29T05:00:00+0000
Ireland,1874-07-29T05:00:00+0000
Spain,1874-07-29T05:00:00+0000
Austria,1874-07-29T05:00:00+0000
France,1874-07-30T05:00:00+0000
Spain,1874-07-30T05:00:00+0000
France,1874-07-30T05:00:00+0000
Venezuela,1874-07-30T05:00:00+0000
France,1874-07-31T05:00:00+0000
Italy,1874-07-31T05:00:00+0000
Canada,1874-07-31T05:00:00+0000
Spain,1874-07-31T05:00:00+0000
Italy,1874-07-31T05:00:00+0000
Russia,1874-08-01T05:00:00+0000
Canada,1874-08-01T05:00:00+0000
France,1874-08-01T05:00:00+0000
Italy,1874-08-02T05:00:00+0000
Spain,1874-08-02T05:00:00+0000
France,1874-08-02T05:00:00+0000
France,1874-08-02T05:00:00+0000
Spain,1874-08-03T05:00:00+0000
Ireland,1874-08-03T05:00:00+0000
Iceland,1874-08-03T05:00:00+0000
France,1874-08-03T05:00:00+0000
Switzerland,1874-08-03T05:00:00+0000
Austria,1874-08-04T05:00:00+0000
Hungary,1874-08-04T05:00:00+0000
Spain,1874-08-04T05:00:00+0000
Cuba,1874-08-04T05:00:00+0000
Spain,1874-08-04T05:00:00+0000
Germany,1874-08-04T05:00:00+0000
Spain,1874-08-04T05:00:00+0000
France,1874-08-05T05:00:00+0000
Germany,1874-08-05T05:00:00+0000
Spain,1874-08-05T05:00:00+0000
Germany,1874-08-06T05:00:00+0000
Canada,1874-08-06T05:00:00+0000
France,1874-08-06T05:00:00+0000
France,1874-08-06T05:00:00+0000
Iceland,1874-08-07T05:00:00+0000
Spain,1874-08-07T05:00:00+0000
Germany,1874-08-07T05:00:00+0000
Mexico,1874-08-07T05:00:00+0000
Mexico,1874-08-07T05:00:00+0000
Mexico,1874-08-07T05:00:00+0000
Iceland,1874-08-07T05:00:00+0000
Cuba,1874-08-07T05:00:00+0000
Germany,1874-08-08T05:00:00+0000
Spain,1874-08-08T05:00:00+0000
France,1874-08-08T05:00:00+0000
Ireland,1874-08-08T05:00:00+0000
Ireland,1874-08-08T05:00:00+0000
Germany,1874-08-09T05:00:00+0000
Spain,1874-08-09T05:00:00+0000
Italy,1874-08-09T05:00:00+0000
Germany,1874-08-09T05:00:00+0000
Spain,1874-08-09T05:00:00+0000
Spain,1874-08-10T05:00:00+0000
Ireland,1874-08-10T05:00:00+0000
Japan,1874-08-10T05:00:00+0000
Spain,1874-08-11T05:00:00+0000
Italy,1874-08-11T05:00:00+0000
Germany,1874-08-11T05:00:00+0000
Spain,1874-08-11T05:00:00+0000
France,1874-08-12T05:00:00+0000
France,1874-08-12T05:00:00+0000
Turkey,1874-08-12T05:00:00+0000
Turkey,1874-08-12T05:00:00+0000
Italy,1874-08-12T05:00:00+0000
Cuba,1874-08-12T05:00:00+0000
Brazil,1874-08-12T05:00:00+0000
Brazil,1874-08-12T05:00:00+0000
Ireland,1874-08-13T05:00:00+0000
Italy,1874-08-13T05:00:00+0000
Germany,1874-08-13T05:00:00+0000
France,1874-08-13T05:00:00+0000
Cuba,1874-08-14T05:00:00+0000
Cuba,1874-08-14T05:00:00+0000
Cuba,1874-08-14T05:00:00+0000
Canada,1874-08-14T05:00:00+0000
Ecuador,1874-08-14T05:00:00+0000
Peru,1874-08-15T05:00:00+0000
Spain,1874-08-16T05:00:00+0000
France,1874-08-16T05:00:00+0000
Canada,1874-08-16T05:00:00+0000
France,1874-08-16T05:00:00+0000
France,1874-08-17T05:00:00+0000
Spain,1874-08-17T05:00:00+0000
Mexico,1874-08-17T05:00:00+0000
Spain,1874-08-17T05:00:00+0000
France,1874-08-17T05:00:00+0000
Denmark,1874-08-17T05:00:00+0000
Spain,1874-08-17T05:00:00+0000
Cuba,1874-08-18T05:00:00+0000
France,1874-08-18T05:00:00+0000
Spain,1874-08-18T05:00:00+0000
Canada,1874-08-18T05:00:00+0000
Cuba,1874-08-18T05:00:00+0000
France,1874-08-18T05:00:00+0000
Peru,1874-08-19T05:00:00+0000
Georgia,1874-08-19T05:00:00+0000
Canada,1874-08-19T05:00:00+0000
Spain,1874-08-19T05:00:00+0000
Canada,1874-08-19T05:00:00+0000
Germany,1874-08-20T05:00:00+0000
Georgia,1874-08-20T05:00:00+0000
Russia,1874-08-20T05:00:00+0000
Brazil,1874-08-20T05:00:00+0000
Spain,1874-08-20T05:00:00+0000
Germany,1874-08-20T05:00:00+0000
Spain,1874-08-20T05:00:00+0000
Cuba,1874-08-20T05:00:00+0000
Germany,1874-08-21T05:00:00+0000
Ireland,1874-08-21T05:00:00+0000
France,1874-08-21T05:00:00+0000
Spain,1874-08-21T05:00:00+0000
Turkey,1874-08-22T05:00:00+0000
Brazil,1874-08-22T05:00:00+0000
Germany,1874-08-22T05:00:00+0000
Germany,1874-08-22T05:00:00+0000
Mexico,1874-08-22T05:00:00+0000
Mexico,1874-08-22T05:00:00+0000
Mexico,1874-08-22T05:00:00+0000
Spain,1874-08-22T05:00:00+0000
Cuba,1874-08-22T05:00:00+0000
France,1874-08-23T05:00:00+0000
Russia,1874-08-23T05:00:00+0000
Spain,1874-08-23T05:00:00+0000
Russia,1874-08-23T05:00:00+0000
Japan,1874-08-23T05:00:00+0000
Spain,1874-08-24T05:00:00+0000
Spain,1874-08-24T05:00:00+0000
Denmark,1874-08-24T05:00:00+0000
Italy,1874-08-24T05:00:00+0000
Canada,1874-08-24T05:00:00+0000
Japan,1874-08-25T05:00:00+0000
Japan,1874-08-25T05:00:00+0000
Spain,1874-08-25T05:00:00+0000
Spain,1874-08-25T05:00:00+0000
Germany,1874-08-25T05:00:00+0000
India,1874-08-25T05:00:00+0000
Germany,1874-08-26T05:00:00+0000
Spain,1874-08-26T05:00:00+0000
France,1874-08-26T05:00:00+0000
Canada,1874-08-26T05:00:00+0000
Portugal,1874-08-26T05:00:00+0000
Spain,1874-08-27T05:00:00+0000
Spain,1874-08-27T05:00:00+0000
Mexico,1874-08-27T05:00:00+0000
Spain,1874-08-27T05:00:00+0000
France,1874-08-27T05:00:00+0000
Russia,1874-08-27T05:00:00+0000
Germany,1874-08-28T05:00:00+0000
Iceland,1874-08-28T05:00:00+0000
Cuba,1874-08-28T05:00:00+0000
Cuba,1874-08-28T05:00:00+0000
France,1874-08-28T05:00:00+0000
Spain,1874-08-29T05:00:00+0000
Canada,1874-08-29T05:00:00+0000
Ireland,1874-08-29T05:00:00+0000
Cuba,1874-08-30T05:00:00+0000
Spain,1874-08-30T05:00:00+0000
France,1874-08-30T05:00:00+0000
Italy,1874-08-30T05:00:00+0000
Spain,1874-08-31T05:00:00+0000
Russia,1874-08-31T05:00:00+0000
Egypt,1874-08-31T05:00:00+0000
Ireland,1874-08-31T05:00:00+0000
Russia,1874-08-31T05:00:00+0000
Spain,1874-09-01T05:00:00+0000
Italy,1874-09-01T05:00:00+0000
Canada,1874-09-01T05:00:00+0000
Ireland,1874-09-01T05:00:00+0000
Russia,1874-09-02T05:00:00+0000
Italy,1874-09-03T05:00:00+0000
Mexico,1874-09-03T05:00:00+0000
Cuba,1874-09-03T05:00:00+0000
Spain,1874-09-05T05:00:00+0000
Spain,1874-09-05T05:00:00+0000
Japan,1874-09-05T05:00:00+0000
Austria,1874-09-05T05:00:00+0000
Spain,1874-09-06T05:00:00+0000
Brazil,1874-09-06T05:00:00+0000
Spain,1874-09-07T05:00:00+0000
Spain,1874-09-07T05:00:00+0000
France,1874-09-07T05:00:00+0000
France,1874-09-07T05:00:00+0000
France,1874-09-07T05:00:00+0000
Canada,1874-09-08T05:00:00+0000
Germany,1874-09-08T05:00:00+0000
France,1874-09-08T05:00:00+0000
Spain,1874-09-08T05:00:00+0000
Guatemala,1874-09-09T05:00:00+0000
Peru,1874-09-09T05:00:00+0000
Brazil,1874-09-09T05:00:00+0000
Cuba,1874-09-09T05:00:00+0000
Canada,1874-09-09T05:00:00+0000
Germany,1874-09-10T05:00:00+0000
Spain,1874-09-10T05:00:00+0000
Cuba,1874-09-10T05:00:00+0000
Austria,1874-09-11T05:00:00+0000
Cuba,1874-09-11T05:00:00+0000
Cuba,1874-09-12T05:00:00+0000
Italy,1874-09-12T05:00:00+0000
Italy,1874-09-12T05:00:00+0000
Mexico,1874-09-12T05:00:00+0000
Germany,1874-09-14T05:00:00+0000
France,1874-09-14T05:00:00+0000
Spain,1874-09-14T05:00:00+0000
France,1874-09-14T05:00:00+0000
Peru,1874-09-15T05:00:00+0000
France,1874-09-15T05:00:00+0000
Germany,1874-09-15T05:00:00+0000
Japan,1874-09-15T05:00:00+0000
France,1874-09-15T05:00:00+0000
Austria,1874-09-15T05:00:00+0000
Spain,1874-09-15T05:00:00+0000
Canada,1874-09-16T05:00:00+0000
France,1874-09-17T05:00:00+0000
Cuba,1874-09-17T05:00:00+0000
Cuba,1874-09-17T05:00:00+0000
France,1874-09-17T05:00:00+0000
Mexico,1874-09-18T05:00:00+0000
Cuba,1874-09-18T05:00:00+0000
Spain,1874-09-18T05:00:00+0000
France,1874-09-19T05:00:00+0000
Italy,1874-09-19T05:00:00+0000
Cuba,1874-09-19T05:00:00+0000
Cuba,1874-09-19T05:00:00+0000
Cuba,1874-09-19T05:00:00+0000
France,1874-09-19T05:00:00+0000
Spain,1874-09-19T05:00:00+0000
France,1874-09-20T05:00:00+0000
Spain,1874-09-20T05:00:00+0000
Denmark,1874-09-20T05:00:00+0000
Germany,1874-09-21T05:00:00+0000
Cuba,1874-09-21T05:00:00+0000
Brazil,1874-09-21T05:00:00+0000
Germany,1874-09-21T05:00:00+0000
France,1874-09-22T05:00:00+0000
Germany,1874-09-23T05:00:00+0000
Denmark,1874-09-23T05:00:00+0000
Cuba,1874-09-23T05:00:00+0000
Canada,1874-09-23T05:00:00+0000
Germany,1874-09-23T05:00:00+0000
Spain,1874-09-23T05:00:00+0000
Russia,1874-09-23T05:00:00+0000
France,1874-09-23T05:00:00+0000
Germany,1874-09-23T05:00:00+0000
Mexico,1874-09-24T05:00:00+0000
Spain,1874-09-24T05:00:00+0000
Germany,1874-09-24T05:00:00+0000
France,1874-09-24T05:00:00+0000
Brazil,1874-09-24T05:00:00+0000
Italy,1874-09-24T05:00:00+0000
Italy,1874-09-24T05:00:00+0000
Italy,1874-09-24T05:00:00+0000
Canada,1874-09-25T05:00:00+0000
Italy,1874-09-25T05:00:00+0000
France,1874-09-25T05:00:00+0000
Spain,1874-09-25T05:00:00+0000
Spain,1874-09-26T05:00:00+0000
Mexico,1874-09-26T05:00:00+0000
Spain,1874-09-26T05:00:00+0000
Brazil,1874-09-26T05:00:00+0000
Brazil,1874-09-26T05:00:00+0000
Canada,1874-09-26T05:00:00+0000
Russia,1874-09-28T05:00:00+0000
Canada,1874-09-28T05:00:00+0000
Canada,1874-09-28T05:00:00+0000
France,1874-09-28T05:00:00+0000
Italy,1874-09-28T05:00:00+0000
France,1874-09-29T05:00:00+0000
France,1874-09-29T05:00:00+0000
France,1874-09-29T05:00:00+0000
France,1874-09-29T05:00:00+0000
France,1874-09-29T05:00:00+0000
Spain,1874-09-30T05:00:00+0000
Spain,1874-09-30T05:00:00+0000
Canada,1874-09-30T05:00:00+0000
Spain,1874-09-30T05:00:00+0000
Spain,1874-09-30T05:00:00+0000
Russia,1874-10-01T05:00:00+0000
Italy,1874-10-01T05:00:00+0000
France,1874-10-01T05:00:00+0000
Cuba,1874-10-02T05:00:00+0000
Germany,1874-10-02T05:00:00+0000
Spain,1874-10-02T05:00:00+0000
Mexico,1874-10-02T05:00:00+0000
Spain,1874-10-02T05:00:00+0000
Cuba,1874-10-03T05:00:00+0000
Spain,1874-10-03T05:00:00+0000
France,1874-10-03T05:00:00+0000
Canada,1874-10-03T05:00:00+0000
Russia,1874-10-03T05:00:00+0000
Canada,1874-10-03T05:00:00+0000
Cuba,1874-10-03T05:00:00+0000
France,1874-10-03T05:00:00+0000
Guatemala,1874-10-03T05:00:00+0000
Jamaica,1874-10-03T05:00:00+0000
France,1874-10-04T05:00:00+0000
Cuba,1874-10-04T05:00:00+0000
Italy,1874-10-04T05:00:00+0000
Turkey,1874-10-04T05:00:00+0000
Canada,1874-10-05T05:00:00+0000
Spain,1874-10-05T05:00:00+0000
Brazil,1874-10-05T05:00:00+0000
Turkey,1874-10-05T05:00:00+0000
Spain,1874-10-06T05:00:00+0000
Denmark,1874-10-06T05:00:00+0000
Spain,1874-10-06T05:00:00+0000
France,1874-10-06T05:00:00+0000
Morocco,1874-10-06T05:00:00+0000
Turkey,1874-10-06T05:00:00+0000
Paraguay,1874-10-06T05:00:00+0000
Peru,1874-10-06T05:00:00+0000
Peru,1874-10-06T05:00:00+0000
France,1874-10-06T05:00:00+0000
Italy,1874-10-07T05:00:00+0000
Brazil,1874-10-07T05:00:00+0000
India,1874-10-07T05:00:00+0000
Spain,1874-10-07T05:00:00+0000
Cuba,1874-10-07T05:00:00+0000
Brazil,1874-10-07T05:00:00+0000
Turkey,1874-10-08T05:00:00+0000
Brazil,1874-10-08T05:00:00+0000
Spain,1874-10-08T05:00:00+0000
Spain,1874-10-08T05:00:00+0000
France,1874-10-08T05:00:00+0000
Switzerland,1874-10-08T05:00:00+0000
France,1874-10-09T05:00:00+0000
France,1874-10-09T05:00:00+0000
China,1874-10-09T05:00:00+0000
Japan,1874-10-09T05:00:00+0000
France,1874-10-10T05:00:00+0000
France,1874-10-10T05:00:00+0000
France,1874-10-10T05:00:00+0000
Spain,1874-10-10T05:00:00+0000
France,1874-10-10T05:00:00+0000
Canada,1874-10-10T05:00:00+0000
Spain,1874-10-10T05:00:00+0000
France,1874-10-10T05:00:00+0000
Italy,1874-10-11T05:00:00+0000
Jamaica,1874-10-11T05:00:00+0000
Spain,1874-10-11T05:00:00+0000
Turkey,1874-10-11T05:00:00+0000
Turkey,1874-10-11T05:00:00+0000
Italy,1874-10-11T05:00:00+0000
France,1874-10-11T05:00:00+0000
Russia,1874-10-11T05:00:00+0000
France,1874-10-11T05:00:00+0000
Spain,1874-10-12T05:00:00+0000
France,1874-10-12T05:00:00+0000
Cuba,1874-10-12T05:00:00+0000
Italy,1874-10-12T05:00:00+0000
Mexico,1874-10-12T05:00:00+0000
China,1874-10-12T05:00:00+0000
Japan,1874-10-12T05:00:00+0000
France,1874-10-12T05:00:00+0000
Russia,1874-10-13T05:00:00+0000
Spain,1874-10-13T05:00:00+0000
France,1874-10-13T05:00:00+0000
Paraguay,1874-10-13T05:00:00+0000
Spain,1874-10-14T05:00:00+0000
France,1874-10-14T05:00:00+0000
Spain,1874-10-15T05:00:00+0000
Russia,1874-10-15T05:00:00+0000
France,1874-10-16T05:00:00+0000
Spain,1874-10-16T05:00:00+0000
France,1874-10-16T05:00:00+0000
Germany,1874-10-16T05:00:00+0000
France,1874-10-16T05:00:00+0000
Canada,1874-10-16T05:00:00+0000
France,1874-10-16T05:00:00+0000
Russia,1874-10-16T05:00:00+0000
Spain,1874-10-17T05:00:00+0000
Germany,1874-10-17T05:00:00+0000
Fiji,1874-10-17T05:00:00+0000
Spain,1874-10-18T05:00:00+0000
France,1874-10-18T05:00:00+0000
Spain,1874-10-18T05:00:00+0000
Italy,1874-10-18T05:00:00+0000
Cuba,1874-10-18T05:00:00+0000
France,1874-10-19T05:00:00+0000
Fiji,1874-10-19T05:00:00+0000
Guatemala,1874-10-19T05:00:00+0000
Spain,1874-10-19T05:00:00+0000
France,1874-10-19T05:00:00+0000
France,1874-10-19T05:00:00+0000
Spain,1874-10-19T05:00:00+0000
France,1874-10-20T05:00:00+0000
France,1874-10-20T05:00:00+0000
Spain,1874-10-20T05:00:00+0000
Canada,1874-10-20T05:00:00+0000
Germany,1874-10-21T05:00:00+0000
Cuba,1874-10-21T05:00:00+0000
Mexico,1874-10-21T05:00:00+0000
France,1874-10-21T05:00:00+0000
Germany,1874-10-22T05:00:00+0000
France,1874-10-22T05:00:00+0000
Uruguay,1874-10-22T05:00:00+0000
Montenegro,1874-10-22T05:00:00+0000
Russia,1874-10-22T05:00:00+0000
Canada,1874-10-22T05:00:00+0000
France,1874-10-22T05:00:00+0000
Ireland,1874-10-22T05:00:00+0000
France,1874-10-23T05:00:00+0000
Spain,1874-10-23T05:00:00+0000
Canada,1874-10-23T05:00:00+0000
Mexico,1874-10-23T05:00:00+0000
Germany,1874-10-23T05:00:00+0000
Spain,1874-10-23T05:00:00+0000
Spain,1874-10-23T05:00:00+0000
Germany,1874-10-23T05:00:00+0000
Brazil,1874-10-24T05:00:00+0000
Italy,1874-10-24T05:00:00+0000
Turkey,1874-10-24T05:00:00+0000
Russia,1874-10-24T05:00:00+0000
Italy,1874-10-24T05:00:00+0000
Montenegro,1874-10-24T05:00:00+0000
Ireland,1874-10-24T05:00:00+0000
France,1874-10-24T05:00:00+0000
Spain,1874-10-24T05:00:00+0000
Germany,1874-10-25T05:00:00+0000
Canada,1874-10-25T05:00:00+0000
Cuba,1874-10-25T05:00:00+0000
Canada,1874-10-25T05:00:00+0000
Spain,1874-10-25T05:00:00+0000
Spain,1874-10-26T05:00:00+0000
Denmark,1874-10-26T05:00:00+0000
Italy,1874-10-26T05:00:00+0000
France,1874-10-27T05:00:00+0000
Spain,1874-10-27T05:00:00+0000
Spain,1874-10-27T05:00:00+0000
France,1874-10-27T05:00:00+0000
Spain,1874-10-28T05:00:00+0000
France,1874-10-28T05:00:00+0000
Montenegro,1874-10-28T05:00:00+0000
Cuba,1874-10-28T05:00:00+0000
France,1874-10-28T05:00:00+0000
Hungary,1874-10-28T05:00:00+0000
Spain,1874-10-29T05:00:00+0000
Montenegro,1874-10-29T05:00:00+0000
Fiji,1874-10-29T05:00:00+0000
Mexico,1874-10-29T05:00:00+0000
France,1874-10-29T05:00:00+0000
Cuba,1874-10-30T05:00:00+0000
Germany,1874-10-30T05:00:00+0000
Fiji,1874-10-30T05:00:00+0000
Canada,1874-10-30T05:00:00+0000
Cuba,1874-10-30T05:00:00+0000
France,1874-10-30T05:00:00+0000
China,1874-10-30T05:00:00+0000
Canada,1874-10-30T05:00:00+0000
Japan,1874-10-31T05:00:00+0000
Italy,1874-10-31T05:00:00+0000
Spain,1874-10-31T05:00:00+0000
Switzerland,1874-10-31T05:00:00+0000
Germany,1874-10-31T05:00:00+0000
Sweden,1874-11-01T05:00:00+0000
Spain,1874-11-01T05:00:00+0000
France,1874-11-01T05:00:00+0000
Spain,1874-11-01T05:00:00+0000
China,1874-11-01T05:00:00+0000
Japan,1874-11-01T05:00:00+0000
France,1874-11-02T05:00:00+0000
China,1874-11-02T05:00:00+0000
Spain,1874-11-02T05:00:00+0000
Spain,1874-11-02T05:00:00+0000
Egypt,1874-11-03T05:00:00+0000
Canada,1874-11-03T05:00:00+0000
Cuba,1874-11-04T05:00:00+0000
Georgia,1874-11-04T05:00:00+0000
Ireland,1874-11-04T05:00:00+0000
Georgia,1874-11-04T05:00:00+0000
Germany,1874-11-05T05:00:00+0000
Germany,1874-11-05T05:00:00+0000
Japan,1874-11-05T05:00:00+0000
France,1874-11-05T05:00:00+0000
Cuba,1874-11-05T05:00:00+0000
Italy,1874-11-05T05:00:00+0000
Spain,1874-11-06T05:00:00+0000
Cuba,1874-11-07T05:00:00+0000
France,1874-11-07T05:00:00+0000
Russia,1874-11-07T05:00:00+0000
France,1874-11-07T05:00:00+0000
Spain,1874-11-07T05:00:00+0000
Canada,1874-11-08T05:00:00+0000
Japan,1874-11-08T05:00:00+0000
Japan,1874-11-09T05:00:00+0000
Japan,1874-11-09T05:00:00+0000
Italy,1874-11-09T05:00:00+0000
Japan,1874-11-09T05:00:00+0000
France,1874-11-09T05:00:00+0000
Spain,1874-11-10T05:00:00+0000
France,1874-11-10T05:00:00+0000
France,1874-11-10T05:00:00+0000
Germany,1874-11-10T05:00:00+0000
France,1874-11-10T05:00:00+0000
Russia,1874-11-10T05:00:00+0000
France,1874-11-10T05:00:00+0000
Germany,1874-11-10T05:00:00+0000
Germany,1874-11-10T05:00:00+0000
France,1874-11-10T05:00:00+0000
Montenegro,1874-11-11T05:00:00+0000
Germany,1874-11-11T05:00:00+0000
Italy,1874-11-11T05:00:00+0000
Italy,1874-11-11T05:00:00+0000
Canada,1874-11-11T05:00:00+0000
Venezuela,1874-11-11T05:00:00+0000
Mexico,1874-11-11T05:00:00+0000
Spain,1874-11-11T05:00:00+0000
Cuba,1874-11-12T05:00:00+0000
Turkey,1874-11-12T05:00:00+0000
France,1874-11-12T05:00:00+0000
Canada,1874-11-12T05:00:00+0000
Spain,1874-11-12T05:00:00+0000
Spain,1874-11-12T05:00:00+0000
Canada,1874-11-12T05:00:00+0000
Russia,1874-11-13T05:00:00+0000
Canada,1874-11-13T05:00:00+0000
Canada,1874-11-13T05:00:00+0000
Russia,1874-11-13T05:00:00+0000
France,1874-11-13T05:00:00+0000
Cuba,1874-11-14T05:00:00+0000
Spain,1874-11-14T05:00:00+0000
Germany,1874-11-14T05:00:00+0000
Denmark,1874-11-14T05:00:00+0000
Russia,1874-11-14T05:00:00+0000
France,1874-11-14T05:00:00+0000
France,1874-11-14T05:00:00+0000
Canada,1874-11-14T05:00:00+0000
Austria,1874-11-15T05:00:00+0000
Spain,1874-11-15T05:00:00+0000
France,1874-11-15T05:00:00+0000
Spain,1874-11-15T05:00:00+0000
Georgia,1874-11-16T05:00:00+0000
Austria,1874-11-16T05:00:00+0000
Spain,1874-11-16T05:00:00+0000
France,1874-11-16T05:00:00+0000
Italy,1874-11-17T05:00:00+0000
France,1874-11-17T05:00:00+0000
Russia,1874-11-17T05:00:00+0000
France,1874-11-17T05:00:00+0000
Cuba,1874-11-17T05:00:00+0000
Venezuela,1874-11-17T05:00:00+0000
Costa Rica,1874-11-17T05:00:00+0000
Canada,1874-11-17T05:00:00+0000
Germany,1874-11-18T05:00:00+0000
Russia,1874-11-19T05:00:00+0000
Austria,1874-11-19T05:00:00+0000
Austria,1874-11-19T05:00:00+0000
Denmark,1874-11-19T05:00:00+0000
Montenegro,1874-11-19T05:00:00+0000
Germany,1874-11-19T05:00:00+0000
Germany,1874-11-19T05:00:00+0000
Spain,1874-11-19T05:00:00+0000
Italy,1874-11-19T05:00:00+0000
Spain,1874-11-19T05:00:00+0000
Austria,1874-11-19T05:00:00+0000
Germany,1874-11-19T05:00:00+0000
France,1874-11-20T05:00:00+0000
Russia,1874-11-20T05:00:00+0000
Spain,1874-11-20T05:00:00+0000
France,1874-11-20T05:00:00+0000
Italy,1874-11-20T05:00:00+0000
Canada,1874-11-20T05:00:00+0000
Nicaragua,1874-11-20T05:00:00+0000
Germany,1874-11-20T05:00:00+0000
France,1874-11-20T05:00:00+0000
Spain,1874-11-20T05:00:00+0000
Cuba,1874-11-21T05:00:00+0000
Mexico,1874-11-21T05:00:00+0000
Cuba,1874-11-21T05:00:00+0000
Germany,1874-11-22T05:00:00+0000
Germany,1874-11-22T05:00:00+0000
Italy,1874-11-22T05:00:00+0000
Spain,1874-11-22T05:00:00+0000
Germany,1874-11-22T05:00:00+0000
China,1874-11-22T05:00:00+0000
Spain,1874-11-23T05:00:00+0000
France,1874-11-23T05:00:00+0000
Russia,1874-11-23T05:00:00+0000
France,1874-11-23T05:00:00+0000
Peru,1874-11-23T05:00:00+0000
Mexico,1874-11-23T05:00:00+0000
France,1874-11-23T05:00:00+0000
Italy,1874-11-24T05:00:00+0000
France,1874-11-24T05:00:00+0000
Italy,1874-11-24T05:00:00+0000
Brazil,1874-11-24T05:00:00+0000
Spain,1874-11-24T05:00:00+0000
Canada,1874-11-24T05:00:00+0000
Cuba,1874-11-24T05:00:00+0000
Cuba,1874-11-25T05:00:00+0000
France,1874-11-25T05:00:00+0000
Hungary,1874-11-25T05:00:00+0000
Spain,1874-11-26T05:00:00+0000
Spain,1874-11-26T05:00:00+0000
France,1874-11-26T05:00:00+0000
Cuba,1874-11-26T05:00:00+0000
Italy,1874-11-26T05:00:00+0000
Spain,1874-11-26T05:00:00+0000
Spain,1874-11-26T05:00:00+0000
Mexico,1874-11-26T05:00:00+0000
France,1874-11-27T05:00:00+0000
Spain,1874-11-27T05:00:00+0000
Spain,1874-11-27T05:00:00+0000
Canada,1874-11-27T05:00:00+0000
France,1874-11-27T05:00:00+0000
Russia,1874-11-27T05:00:00+0000
Turkey,1874-11-28T05:00:00+0000
Switzerland,1874-11-28T05:00:00+0000
France,1874-11-28T05:00:00+0000
Canada,1874-11-29T05:00:00+0000
Belgium,1874-11-29T05:00:00+0000
Cuba,1874-11-29T05:00:00+0000
Russia,1874-11-29T05:00:00+0000
France,1874-11-30T05:00:00+0000
Brazil,1874-11-30T05:00:00+0000
Russia,1874-11-30T05:00:00+0000
Georgia,1874-11-30T05:00:00+0000
Russia,1874-11-30T05:00:00+0000
France,1874-11-30T05:00:00+0000
Georgia,1874-11-30T05:00:00+0000
Germany,1874-11-30T05:00:00+0000
Fiji,1874-12-01T05:00:00+0000
Italy,1874-12-01T05:00:00+0000
Germany,1874-12-01T05:00:00+0000
Brazil,1874-12-01T05:00:00+0000
France,1874-12-01T05:00:00+0000
Russia,1874-12-01T05:00:00+0000
Peru,1874-12-01T05:00:00+0000
France,1874-12-01T05:00:00+0000
Spain,1874-12-01T05:00:00+0000
France,1874-12-01T05:00:00+0000
Canada,1874-12-02T05:00:00+0000
Italy,1874-12-02T05:00:00+0000
Italy,1874-12-02T05:00:00+0000
Spain,1874-12-02T05:00:00+0000
China,1874-12-02T05:00:00+0000
China,1874-12-02T05:00:00+0000
Japan,1874-12-02T05:00:00+0000
Russia,1874-12-02T05:00:00+0000
Cuba,1874-12-02T05:00:00+0000
Cuba,1874-12-02T05:00:00+0000
Cuba,1874-12-02T05:00:00+0000
France,1874-12-03T05:00:00+0000
Turkey,1874-12-03T05:00:00+0000
Russia,1874-12-04T05:00:00+0000
Uruguay,1874-12-04T05:00:00+0000
Egypt,1874-12-04T05:00:00+0000
Germany,1874-12-04T05:00:00+0000
France,1874-12-04T05:00:00+0000
Spain,1874-12-04T05:00:00+0000
Germany,1874-12-04T05:00:00+0000
Spain,1874-12-04T05:00:00+0000
Ireland,1874-12-05T05:00:00+0000
Cuba,1874-12-05T05:00:00+0000
Austria,1874-12-05T05:00:00+0000
Germany,1874-12-05T05:00:00+0000
Germany,1874-12-05T05:00:00+0000
Germany,1874-12-05T05:00:00+0000
Fiji,1874-12-05T05:00:00+0000
Brazil,1874-12-05T05:00:00+0000
Japan,1874-12-06T05:00:00+0000
Spain,1874-12-06T05:00:00+0000
Germany,1874-12-06T05:00:00+0000
France,1874-12-06T05:00:00+0000
France,1874-12-06T05:00:00+0000
Germany,1874-12-06T05:00:00+0000
Uruguay,1874-12-06T05:00:00+0000
Russia,1874-12-06T05:00:00+0000
France,1874-12-07T05:00:00+0000
Spain,1874-12-07T05:00:00+0000
Germany,1874-12-07T05:00:00+0000
France,1874-12-07T05:00:00+0000
Germany,1874-12-07T05:00:00+0000
France,1874-12-08T05:00:00+0000
Japan,1874-12-08T05:00:00+0000
Germany,1874-12-08T05:00:00+0000
Italy,1874-12-08T05:00:00+0000
Mexico,1874-12-08T05:00:00+0000
Spain,1874-12-09T05:00:00+0000
Spain,1874-12-09T05:00:00+0000
Italy,1874-12-09T05:00:00+0000
Canada,1874-12-09T05:00:00+0000
Canada,1874-12-09T05:00:00+0000
France,1874-12-10T05:00:00+0000
France,1874-12-10T05:00:00+0000
Cuba,1874-12-11T05:00:00+0000
Spain,1874-12-11T05:00:00+0000
Switzerland,1874-12-11T05:00:00+0000
Germany,1874-12-11T05:00:00+0000
Mexico,1874-12-11T05:00:00+0000
Mexico,1874-12-11T05:00:00+0000
Italy,1874-12-11T05:00:00+0000
Italy,1874-12-11T05:00:00+0000
Cuba,1874-12-11T05:00:00+0000
Spain,1874-12-11T05:00:00+0000
France,1874-12-11T05:00:00+0000
Canada,1874-12-12T05:00:00+0000
Uruguay,1874-12-12T05:00:00+0000
Germany,1874-12-12T05:00:00+0000
Germany,1874-12-12T05:00:00+0000
France,1874-12-12T05:00:00+0000
France,1874-12-12T05:00:00+0000
Spain,1874-12-13T05:00:00+0000
Switzerland,1874-12-13T05:00:00+0000
Belgium,1874-12-13T05:00:00+0000
Georgia,1874-12-14T05:00:00+0000
Germany,1874-12-14T05:00:00+0000
Spain,1874-12-15T05:00:00+0000
Peru,1874-12-15T05:00:00+0000
Uruguay,1874-12-15T05:00:00+0000
Uruguay,1874-12-15T05:00:00+0000
Cuba,1874-12-16T05:00:00+0000
Italy,1874-12-17T05:00:00+0000
Canada,1874-12-17T05:00:00+0000
France,1874-12-17T05:00:00+0000
France,1874-12-18T05:00:00+0000
Cuba,1874-12-19T05:00:00+0000
Canada,1874-12-19T05:00:00+0000
Russia,1874-12-19T05:00:00+0000
Cuba,1874-12-19T05:00:00+0000
Sweden,1874-12-19T05:00:00+0000
Canada,1874-12-19T05:00:00+0000
Japan,1874-12-19T05:00:00+0000
Germany,1874-12-20T05:00:00+0000
Russia,1874-12-20T05:00:00+0000
Russia,1874-12-20T05:00:00+0000
France,1874-12-20T05:00:00+0000
France,1874-12-20T05:00:00+0000
Spain,1874-12-20T05:00:00+0000
Cuba,1874-12-21T05:00:00+0000
Canada,1874-12-21T05:00:00+0000
France,1874-12-21T05:00:00+0000
Italy,1874-12-22T05:00:00+0000
Turkey,1874-12-22T05:00:00+0000
France,1874-12-22T05:00:00+0000
Spain,1874-12-22T05:00:00+0000
Spain,1874-12-22T05:00:00+0000
Venezuela,1874-12-23T05:00:00+0000
France,1874-12-23T05:00:00+0000
Germany,1874-12-23T05:00:00+0000
France,1874-12-23T05:00:00+0000
France,1874-12-24T05:00:00+0000
France,1874-12-24T05:00:00+0000
France,1874-12-24T05:00:00+0000
Cuba,1874-12-25T05:00:00+0000
France,1874-12-25T05:00:00+0000
Germany,1874-12-26T05:00:00+0000
France,1874-12-26T05:00:00+0000
Spain,1874-12-26T05:00:00+0000
Spain,1874-12-26T05:00:00+0000
Cuba,1874-12-27T05:00:00+0000
Russia,1874-12-27T05:00:00+0000
Spain,1874-12-27T05:00:00+0000
Netherlands,1874-12-27T05:00:00+0000
Spain,1874-12-27T05:00:00+0000
China,1874-12-28T05:00:00+0000
France,1874-12-28T05:00:00+0000
Cuba,1874-12-29T05:00:00+0000
Georgia,1874-12-29T05:00:00+0000
Germany,1874-12-30T05:00:00+0000
Peru,1874-12-31T05:00:00+0000
Spain,1874-12-31T05:00:00+0000
Costa Rica,1874-12-31T05:00:00+0000
Peru,1874-12-31T05:00:00+0000
